	24188991578	6348909312	2026-04-09T12:00:13Z
	24188878082	6348858764	2026-04-09T11:57:21Z
	24188656808	6348762490	2026-04-09T11:51:46Z
	24188549392	6348715466	2026-04-09T11:48:56Z
	24188535877	6348710607	2026-04-09T11:48:37Z
	24187661291	6348345646	2026-04-09T11:26:20Z
	24187661291	6348344800	2026-04-09T11:26:16Z
	24187661291	6348342686	2026-04-09T11:26:09Z
	24187655017	6348336965	2026-04-09T11:25:47Z
	24187647527	6348334555	2026-04-09T11:25:38Z
	24133893372	6326671307	2026-04-08T11:52:33Z
	24029780042	6286072989	2026-04-06T11:17:49Z
	24029687804	6286042667	2026-04-06T11:14:35Z
	24002412662	6277530757	2026-04-05T13:22:47Z
	24001681104	6277332059	2026-04-05T12:38:26Z
	24001606899	6277311395	2026-04-05T12:33:45Z
	23946515377	6259465309	2026-04-03T12:41:11Z
